{
    "align_infill_direction_to_model": "1",
    "bridge_no_support": "1",
    "brim_type": "no_brim",
    "default_acceleration": "1000",
    "enable_prime_tower": "0",
    "enable_support": "1",
    "from": "User",
    "gap_fill_target": "everywhere",
    "gap_infill_speed": "100",
    "inherits": "process template @Creality Maxy 0.4 nozzle",
    "initial_layer_infill_speed": "80",
    "initial_layer_print_height": "0.12",
    "inner_wall_acceleration": "1000",
    "inner_wall_speed": "120",
    "internal_solid_infill_speed": "120",
    "is_custom_defined": "0",
    "layer_height": "0.12",
    "name": "Creality Maxy 0.4 nozzle 0.12mm Fine",
    "outer_wall_acceleration": "1000",
    "outer_wall_speed": "80",
    "print_settings_id": "Creality Maxy 0.4 nozzle 0.12mm Fine",
    "seam_gap": "0",
    "seam_slope_entire_loop": "1",
    "seam_slope_inner_walls": "1",
    "seam_slope_start_height": "50%",
    "seam_slope_type": "all",
    "slow_down_layers": "4",
    "sparse_infill_density": "20%",
    "sparse_infill_pattern": "gyroid",
    "sparse_infill_speed": "150",
    "top_surface_acceleration": "1000",
    "top_surface_speed": "100",
    "travel_acceleration": "1000",
    "travel_speed": "300",
    "version": "1.7.0.2",
    "wall_generator": "arachne",
    "wall_loops": "3"
}
