{
    "adaptive_bed_mesh_margin": "0",
    "auxiliary_fan": "0",
    "bbl_use_printhost": "0",
    "bed_custom_model": "",
    "bed_custom_texture": "C:/Users/Admin/OneDrive/Documents/GitHub/3D-Printer-setting/maxy_grid_crosshair.svg",
    "bed_exclude_area": [
        "0x0"
    ],
    "bed_mesh_max": "99999,99999",
    "bed_mesh_min": "-99999,-99999",
    "bed_mesh_probe_distance": "43.75,43.75",
    "before_layer_change_gcode": ";BEFORE_LAYER_CHANGE\n;{layer_z}\nG92 E0\n\n{if layer_num % 10 == 0}\n; Shot\nM300 S2000 P50\nM300 S1500 P50\nM300 S1000 P50\nG4 P100\n; Duck falls\nM300 S1568 P100\nM300 S1397 P100\nM300 S1175 P100\nM300 S988 P100\nM300 S784 P100\nM300 S659 P200\n{endif}",
    "best_object_pos": "0.5,0.5",
    "change_extrusion_role_gcode": "",
    "change_filament_gcode": "M600",
    "cooling_tube_length": "5",
    "cooling_tube_retraction": "91.5",
    "default_bed_type": "",
    "default_filament_profile": [
        "Creality Generic PLA"
    ],
    "default_print_profile": "0.20mm Standard @Creality Ender5Plus",
    "deretraction_speed": [
        "40"
    ],
    "disable_m73": "0",
    "emit_machine_limits_to_gcode": "1",
    "enable_filament_ramming": "0",
    "enable_long_retraction_when_cut": "0",
    "extra_loading_move": "-2",
    "extruder_clearance_height_to_lid": "34",
    "extruder_clearance_height_to_rod": "34",
    "extruder_clearance_radius": "47",
    "extruder_colour": [
        "#FCE94F"
    ],
    "extruder_offset": [
        "0x0"
    ],
    "fan_kickstart": "0",
    "fan_speedup_overhangs": "1",
    "fan_speedup_time": "0",
    "from": "User",
    "gcode_flavor": "marlin2",
    "head_wrap_detect_zone": [],
    "high_current_on_filament_swap": "0",
    "host_type": "octoprint",
    "inherits": "",
    "is_custom_defined": "0",
    "layer_change_gcode": "",
    "long_retractions_when_cut": [
        "0"
    ],
    "machine_end_gcode": "{if max_layer_z < max_print_height}G1 Z{z_offset+min(max_layer_z+2, max_print_height)} F600 ; Move print head up{endif}\nG1 X5 Y{print_bed_max[1]*0.8} F{travel_speed*60} ; present print\n{if max_layer_z < max_print_height-10}G1 Z{z_offset+min(max_layer_z+70, max_print_height-10)} F600 ; Move print head further up{endif}\n{if max_layer_z < max_print_height*0.6}G1 Z{max_print_height*0.6} F600 ; Move print head further up{endif}\nM140 S0 ; turn off heatbed\nM104 S0 ; turn off temperature\nM107 ; turn off fan\nM84 X Y E ; disable motors\n\n; Dog laugh - print complete!\nM300 S1175 P100\nM300 S1319 P100\nM300 S1175 P100\nM300 S1047 P100\nM300 S880 P200\nM300 S988 P100\nM300 S1047 P100\nM300 S988 P100\nM300 S880 P300",
    "machine_load_filament_time": "0",
    "machine_max_acceleration_e": [
        "5000"
    ],
    "machine_max_acceleration_extruding": [
        "2000",
        "500"
    ],
    "machine_max_acceleration_retracting": [
        "1000",
        "1000"
    ],
    "machine_max_acceleration_travel": [
        "2000",
        "1250"
    ],
    "machine_max_acceleration_x": [
        "3000",
        "500"
    ],
    "machine_max_acceleration_y": [
        "3000",
        "500"
    ],
    "machine_max_acceleration_z": [
        "500",
        "100"
    ],
    "machine_max_jerk_e": [
        "5",
        "5"
    ],
    "machine_max_jerk_x": [
        "6",
        "8"
    ],
    "machine_max_jerk_y": [
        "6",
        "8"
    ],
    "machine_max_jerk_z": [
        "0.3",
        "0.4"
    ],
    "machine_max_junction_deviation": [
        "0",
        "0"
    ],
    "machine_max_speed_e": [
        "200",
        "60"
    ],
    "machine_max_speed_x": [
        "400",
        "300"
    ],
    "machine_max_speed_y": [
        "400",
        "300"
    ],
    "machine_max_speed_z": [
        "15",
        "5"
    ],
    "machine_min_extruding_rate": [
        "0",
        "0"
    ],
    "machine_min_travel_rate": [
        "0",
        "0"
    ],
    "machine_pause_gcode": "M0",
    "machine_start_gcode": "G90 ; use absolute coordinates\nM83 ; extruder relative mode\nM140 S[first_layer_bed_temperature] ; set final bed temp\nM104 S150 ; set temporary nozzle temp to prevent oozing during homing and auto bed leveling\nG4 S10 ; allow partial nozzle warmup\nG28 ; home all axis\n\nM300 S988 P150\nM300 S1319 P150\nM300 S1568 P150\nM300 S1319 P150\nM300 S1047 P150\nM300 S1319 P300\n\nG29 L0 ; load UBL mesh from slot 0\n\nG29 J ; tilt mesh using 3-point leveling\n\nG29 A ; activate UBL\nM420 S1 Z10 ; enable bed leveling with 10mm fade height\nM420 S1 Z10 ; enable bed leveling with 10mm fade height\nG1 Z30 F240\nG1 X2 Y10 F3000\nM104 S[first_layer_temperature] ; set final nozzle temp\nM190 S[first_layer_bed_temperature] ; wait for bed temp to stabilize\nM109 S[first_layer_temperature] ; wait for nozzle temp to stabilize\nG1 Z[first_layer_height] F240\nG92 E0\nG1 Y140 E10 F1500 ; prime the nozzle\nG1 X2.3 F5000\nG92 E0\nG1 Y10 E10 F1200 ; prime the nozzle\nG92 E0",
    "machine_tool_change_time": "0",
    "machine_unload_filament_time": "0",
    "manual_filament_change": "0",
    "max_layer_height": [
        "0.28"
    ],
    "max_resonance_avoidance_speed": "120",
    "min_layer_height": [
        "0.12"
    ],
    "min_resonance_avoidance_speed": "70",
    "name": "Creality Maxy 0.4 nozzle",
    "nozzle_diameter": [
        "0.4"
    ],
    "nozzle_height": "2.5",
    "nozzle_hrc": "0",
    "nozzle_type": "brass",
    "nozzle_volume": "0",
    "parking_pos_retraction": "92",
    "pellet_modded_printer": "0",
    "preferred_orientation": "0",
    "printable_area": [
        "0x0",
        "300x0",
        "300x300",
        "0x300"
    ],
    "printable_height": "340",
    "printer_model": "Creality Maxy",
    "printer_notes": "",
    "printer_settings_id": "Creality Maxy 0.4 nozzle",
    "printer_structure": "undefine",
    "printer_technology": "FFF",
    "printer_variant": "0.4",
    "printhost_authorization_type": "key",
    "printhost_ssl_ignore_revoke": "0",
    "printing_by_object_gcode": "",
    "purge_in_prime_tower": "0",
    "resonance_avoidance": "0",
    "retract_before_wipe": [
        "70%"
    ],
    "retract_length_toolchange": [
        "1"
    ],
    "retract_lift_above": [
        "0"
    ],
    "retract_lift_below": [
        "0"
    ],
    "retract_lift_enforce": [
        "All Surfaces"
    ],
    "retract_restart_extra": [
        "0"
    ],
    "retract_restart_extra_toolchange": [
        "0"
    ],
    "retract_when_changing_layer": [
        "1"
    ],
    "retraction_distances_when_cut": [
        "18"
    ],
    "retraction_length": [
        "0.8"
    ],
    "retraction_minimum_travel": [
        "2"
    ],
    "retraction_speed": [
        "45"
    ],
    "scan_first_layer": "0",
    "silent_mode": "0",
    "single_extruder_multi_material": "0",
    "support_air_filtration": "0",
    "support_chamber_temp_control": "0",
    "support_multi_bed_types": "1",
    "template_custom_gcode": "",
    "thumbnails": "48x48/PNG, 300x300/PNG",
    "thumbnails_format": "PNG",
    "time_cost": "0.36",
    "time_lapse_gcode": "",
    "travel_slope": [
        "3"
    ],
    "upward_compatible_machine": [],
    "use_firmware_retraction": "0",
    "use_relative_e_distances": "1",
    "version": "2.3.1.10",
    "wipe": [
        "0"
    ],
    "wipe_distance": [
        "1"
    ],
    "z_hop": [
        "0.4"
    ],
    "z_hop_types": [
        "Normal Lift"
    ],
    "z_offset": "0"
}
