{"bundle_id":"offline_Creality Maxy 0.4 nozzle_20251108042258","bundle_type":"printer config bundle","filament_config":["filament/Overture TPU @ DD.json","filament/PETG @DD.json","filament/PLA+ @DD.json"],"printer_config":["printer/Creality Maxy 0.4 nozzle.json"],"printer_preset_name":"Creality Maxy 0.4 nozzle","process_config":["process/Creality Maxy 0.4 nozzle 0.12mm Fine.json","process/Creality Maxy 0.4 nozzle 0.16mm Optimal.json","process/Creality Maxy 0.4 nozzle 0.2mm Standard.json","process/process template @Creality Maxy 0.4 nozzle.json"],"version":""}